[
    { "command": "open_context_url", "caption": "打开URL链接" },
    { "command": "context_goto_definition", "caption": "转到定义处" },
    { "caption": "-", "id": "diff" },
    { "command": "toggle_inline_diff", "caption": "切换显示行内差异" },
    { "caption": "-", "id": "clipboard" },
    { "command": "cut", "caption": "剪切" },
    { "command": "copy", "caption": "复制" },
    { "command": "paste", "caption": "粘贴" },
    { "caption": "-", "id": "selection" },
    { "command": "select_all", "caption": "全选" },
    { "caption": "-", "id": "repo_commands" },
    { "caption": "打开Git仓库…", "command": "sublime_merge_open_repo" },
    { "caption": "文件历史…", "command": "sublime_merge_file_history" },
    { "caption": "行历史…", "command": "sublime_merge_line_history" },
    { "caption": "审查文件…", "command": "sublime_merge_blame_file" },
    { "caption": "-", "id": "file" },
    { "command": "open_in_browser", "caption": "在浏览器中打开" },
    { "command": "open_dir", "args": {"dir": "$file_path", "file": "$file_name"}, "caption": "打开所在文件夹…" },
    { "command": "copy_path", "caption": "复制文件路径" },
    { "command": "reveal_in_side_bar", "caption": "在侧边栏中显示" },
    { "caption": "-", "id": "end" }
]
