[
	{ "caption": "新建文件", "command": "new_file_at", "args": {"dirs": []} },
	{ "caption": "重命名…", "command": "rename_path", "args": {"paths": []} },
	{ "caption": "删除文件", "command": "delete_file", "args": {"files": []} },
	{ "caption": "打开所在文件夹…", "command": "open_containing_folder", "args": {"files": []} },
	{ "caption": "打开链接目录", "command": "reveal_link_source", "args": {"dirs": []} },
	{ "caption": "-", "id": "repo_commands" },
	{ "caption": "打开Git仓库…", "command": "sublime_merge_open_repo", "args": {"paths": []}},
	{ "caption": "文件历史…", "command": "sublime_merge_file_history", "args": {"files": []}},
	{ "caption": "目录历史…", "command": "sublime_merge_folder_history", "args": {"paths": []}},
	{ "caption": "审查文件…", "command": "sublime_merge_blame_file", "args": {"files": []}},
	{ "caption": "-", "id": "folder_commands" },
	{ "caption": "新建文件夹…", "command": "new_folder", "args": {"dirs": []} },
	{ "caption": "删除文件夹", "command": "delete_folder", "args": {"dirs": []} },
	{ "caption": "在文件夹中查找…", "command": "find_in_folder", "args": {"dirs": []} },
	{ "caption": "-", "id": "end" }
]
