[
    { "command": "open_context_url", "caption": "打開URL鏈接" },
    { "command": "context_goto_definition", "caption": "轉到定義處" },
    { "caption": "-", "id": "diff" },
    { "command": "toggle_inline_diff", "caption": "切換顯示行內差異" },
    { "caption": "-", "id": "clipboard" },
    { "command": "cut", "caption": "剪切" },
    { "command": "copy", "caption": "復制" },
    { "command": "paste", "caption": "粘貼" },
    { "caption": "-", "id": "selection" },
    { "command": "select_all", "caption": "全選" },
    { "caption": "-", "id": "repo_commands" },
    { "caption": "打開Git倉庫…", "command": "sublime_merge_open_repo" },
    { "caption": "文件歷史…", "command": "sublime_merge_file_history" },
    { "caption": "行歷史…", "command": "sublime_merge_line_history" },
    { "caption": "審查文件…", "command": "sublime_merge_blame_file" },
    { "caption": "-", "id": "file" },
    { "command": "open_in_browser", "caption": "在瀏覽器中打開" },
    { "command": "open_dir", "args": {"dir": "$file_path", "file": "$file_name"}, "caption": "打開所在文件夾…" },
    { "command": "copy_path", "caption": "復制文件路徑" },
    { "command": "reveal_in_side_bar", "caption": "在側邊欄中顯示" },
    { "caption": "-", "id": "end" }
]
