[
	{
		"id": "preferences",
		"children": [
			{
				"id": "package-settings",
				"caption": "Package Settings",
				"children":
				[
					{
						"caption": "LocalizedMenu",
						"children":
						[
							{
								"command": "open_file", "args":
								{
									"file": "${packages}/LocalizedMenu/LocalizedMenu.sublime-settings"
								},
								"caption": "Settings – Default"
							},
							{
								"command": "open_file", "args":
								{
									"file": "${packages}/User/LocalizedMenu.sublime-settings"
								},
								"caption": "Settings – User"
							},
							{ "caption": "-" }
						]
					}
				]
			},
			{ "caption": "-" },
			{
				"id": "locales",
				"caption": "Languages",
				"children": [
					{
						"command": "localize_run",
						"args": {
							"action": "detect"
						},
						"caption": "Detect"
					},
					{
						"command": "localize_run",
						"args": {
							"action": "reset"
						},
						"caption": "Reset"
					},
					{
						"command": "localize_run",
						"args": {
							"action": "add"
						},
						"caption": "Add Language…"
					},
					{
						"command": "localize_run",
						"args": {
							"action": "submit"
						},
						"caption": "Submit Language…"
					},
					{ "caption": "-" }
				]
			},
			{ "caption": "-" }
		]
	}
]
